{"cameraMode":{"drawMode":0,"name":"Shaded","section":"Shading Mode"},"sceneLighting":false,"audioPlay":false,"sceneViewState":{"m_AlwaysRefresh":false,"showFog":true,"showSkybox":false,"showFlares":true,"showImageEffects":true,"showParticleSystems":true,"showVisualEffectGraphs":true,"m_FxEnabled":true},"in2DMode":false,"pivot":{"x":-0.5218877792358398,"y":3.1759777069091799,"z":0.32364940643310549},"rotation":{"x":-0.17280399799346925,"y":-0.353900671005249,"z":0.06671648472547531,"w":-0.9167721271514893},"size":11.732026100158692,"orthographic":false}