{"cameraMode":{"drawMode":0,"name":"Shaded","section":"Shading Mode"},"sceneLighting":true,"audioPlay":false,"sceneViewState":{"m_AlwaysRefresh":false,"showFog":true,"showSkybox":true,"showFlares":true,"showImageEffects":true,"showParticleSystems":true,"showVisualEffectGraphs":true,"m_FxEnabled":false},"in2DMode":false,"pivot":{"x":0.09008415043354035,"y":0.9182451963424683,"z":2.1556217670440676},"rotation":{"x":0.007129714824259281,"y":0.9905946254730225,"z":-0.056833166629076007,"w":0.12427332252264023},"size":0.5913344621658325,"orthographic":false}