{"cameraMode":{"drawMode":0,"name":"Shaded","section":"Shading Mode"},"sceneLighting":false,"audioPlay":false,"sceneViewState":{"m_AlwaysRefresh":false,"showFog":true,"showSkybox":false,"showFlares":true,"showImageEffects":true,"showParticleSystems":true,"showVisualEffectGraphs":true,"m_FxEnabled":true},"in2DMode":false,"pivot":{"x":31.279739379882814,"y":25.953868865966798,"z":20.016422271728517},"rotation":{"x":0.0622006431221962,"y":0.9370052218437195,"z":-0.22217343747615815,"w":0.26233235001564028},"size":5.678088665008545,"orthographic":false}